Title,Link
Đội bóng ở Serie B bị trộm giữa trận đấu,https://thethao.vnexpress.net/tin-tuc/hau-truong/doi-bong-o-serie-b-bi-trom-giua-tran-dau-3720852.html
Chàng trai trốn khỏi nhà nghỉ vì thấy dung nhan thật của bạn gái,https://giadinh.vnexpress.net/tin-tuc/to-am/chang-trai-tron-khoi-nha-nghi-vi-thay-dung-nhan-that-cua-ban-gai-3720506.html
Hoa hậu Đỗ Mỹ Linh tái ngộ thủ môn Bùi Tiến Dũng,https://ngoisao.net/tin-tuc/hau-truong/showbiz-viet/hoa-hau-do-my-linh-tai-ngo-thu-mon-bui-tien-dung-3720726.html
Chủ tịch Hòa Phát: Tôi chẳng biết mình có bao nhiêu tiền,https://kinhdoanh.vnexpress.net/tin-tuc/doanh-nghiep/chu-tich-hoa-phat-toi-chang-biet-minh-co-bao-nhieu-tien-3720426.html
"US aircraft carrier leaves Vietnam, wrapping up historic visit",https://e.vnexpress.net/news/news/us-aircraft-carrier-leaves-vietnam-wrapping-up-historic-visit-3720863.html
"Ghi hai bàn trong ba phút, Juventus thắng ngược Tottenham",https://thethao.vnexpress.net/tin-tuc/champions-league/ghi-hai-ban-trong-ba-phut-juventus-thang-nguoc-tottenham-3719920.html
Sự thật sau cuộc sống sang chảnh của giới du lịch chuyên nghiệp,https://ione.vnexpress.net/tin-tuc/nhip-song/su-that-sau-cuoc-song-sang-chanh-cua-gioi-du-lich-chuyen-nghiep-3720777.html
Thanh tra đề xuất đánh thuế cao với tài sản kê khai không trung thực,https://vnexpress.net/tin-tuc/thoi-su/thanh-tra-de-xuat-danh-thue-cao-voi-tai-san-ke-khai-khong-trung-thuc-3719345.html
Diễn viên 'Tể tướng Lưu gù' tổ chức hôn lễ ở tuổi ngoài 60,https://giaitri.vnexpress.net/photo/quoc-te/dien-vien-te-tuong-luu-gu-to-chuc-hon-le-o-tuoi-ngoai-60-3720697.html
Đường hầm đào vàng nằm trong vườn chanh dây,https://video.vnexpress.net/tin-tuc/xa-hoi/duong-ham-dao-vang-nam-trong-vuon-chanh-day-3719915.html
Vết bùn trong ngày không mưa tố cáo kẻ phi tang xác hai phụ nữ,https://vnexpress.net/tin-tuc/phap-luat/ho-so-pha-an/vet-bun-trong-ngay-khong-mua-to-cao-ke-phi-tang-xac-hai-phu-nu-3720085.html
Sử liệu về biến cố cuộc đời ông Ngô Đình Diệm lần đầu được trưng bày,https://vnexpress.net/tin-tuc/thoi-su/su-lieu-ve-bien-co-cuoc-doi-ong-ngo-dinh-diem-lan-dau-duoc-trung-bay-3719099.html
Vóc dáng 'khủng' của cậu thiếu niên cao nhất thế giới,https://suckhoe.vnexpress.net/tin-tuc/khoe-dep/dan-ong/voc-dang-khung-cua-cau-thieu-nien-cao-nhat-the-gioi-3720630.html
Sáu điều được chờ đợi ở đại chiến Man Utd - Liverpool,https://vnexpress.net/tin-tuc/giai-ngoai-hang-anh/sau-dieu-duoc-cho-doi-o-dai-chien-man-utd-liverpool-3720684.html
Tổng thống Hàn Quốc: Cuộc gặp Trump - Kim sẽ là cột mốc lịch sử,https://vnexpress.net/tin-tuc/the-gioi/tong-thong-han-quoc-cuoc-gap-trump-kim-se-la-cot-moc-lich-su-3720673.html
Trang trại dưa lưới in chữ mừng ngày 8/3 ở miền Tây,https://video.vnexpress.net/tin-tuc/xa-hoi/trang-trai-dua-luoi-in-chu-mung-ngay-83-o-mien-tay-3720157.html
Đơn vị xây trái phép tượng Bà Chúa Xứ bị phạt 30 triệu đồng,https://vnexpress.net/tin-tuc/thoi-su/don-vi-xay-trai-phep-tuong-ba-chua-xu-bi-phat-30-trieu-dong-3720758.html
Đường lên núi 2.000 bậc ở Tràng An Cổ xây dựng trái phép thế nào,https://video.vnexpress.net/tin-tuc/xa-hoi/duong-len-nui-2-000-bac-o-trang-an-co-xay-dung-trai-phep-the-nao-3719647.html
Nam phụ huynh vụ cô giáo quỳ xin lỗi bị đề nghị cảnh cáo,https://vnexpress.net/tin-tuc/giao-duc/nam-phu-huynh-vu-co-giao-quy-xin-loi-bi-de-nghi-canh-cao-3720765.html
Đức Gyalwang Drukpa cầu an tại Bảo tháp Tây Thiên,https://vnexpress.net/tin-tuc/thoi-su/duc-gyalwang-drukpa-cau-an-tai-bao-thap-tay-thien-3720595.html
Chàng trai lấy được vợ từ lá đơn 'xin yêu em',https://giadinh.vnexpress.net/tin-tuc/to-am/chang-trai-lay-duoc-vo-tu-la-don-xin-yeu-em-3720259.html
Tiền đạo 190 triệu đôla của Barca bị đồn sinh hoạt thiếu lành mạnh,https://thethao.vnexpress.net/tin-tuc/hau-truong/tien-dao-190-trieu-dola-cua-barca-bi-don-sinh-hoat-thieu-lanh-manh-3720862.html
Trump tự ra quyết định gặp Kim Jong-un,https://vnexpress.net/tin-tuc/the-gioi/trump-tu-ra-quyet-dinh-gap-kim-jong-un-3720842.html
"Bộ trưởng Giao thông: 'Phải quản lý Uber, Grab như taxi'",https://vnexpress.net/tin-tuc/thoi-su/giao-thong/bo-truong-giao-thong-phai-quan-ly-uber-grab-nhu-taxi-3720249.html
Trump có thể gặp Kim Jong-un vào tháng 5,https://vnexpress.net/tin-tuc/the-gioi/trump-co-the-gap-kim-jong-un-vao-thang-5-3720442.html
Những phụ nữ chèo ghe trung chuyển cá ở làng chài,https://video.vnexpress.net/tin-tuc/xa-hoi/nhung-phu-nu-cheo-ghe-trung-chuyen-ca-o-lang-chai-3719705.html
Tàu sân bay Mỹ kết thúc chuyến thăm tới Việt Nam,https://vnexpress.net/tin-tuc/thoi-su/tau-san-bay-my-ket-thuc-chuyen-tham-toi-viet-nam-3720692.html
Cả nhà không ai nuốt nổi tô cháo ở chợ đêm Đà Lạt,https://vnexpress.net/tin-tuc/cong-dong/y-kien-cua-toi/ca-nha-khong-ai-nuot-noi-to-chao-o-cho-dem-da-lat-3720545.html
CEO Vietjet: Tôi bỏ những đố kỵ và danh hiệu tỷ phú ngoài phòng làm việc,https://kinhdoanh.vnexpress.net/tin-tuc/doanh-nghiep/ceo-vietjet-toi-bo-nhung-do-ky-va-danh-hieu-ty-phu-ngoai-phong-lam-viec-3720192.html
Hậu trường kỹ xảo 'khó tin' trong phim bom tấn Ấn Độ,https://vnexpress.net/tin-tuc/cuoi/anh/hau-truong-ky-xao-kho-tin-trong-phim-bom-tan-an-do-3719249.html
Bản tin Thể thao tối 9/3: Man Utd xúc tiến mua Umtiti,https://thethao.vnexpress.net/tuong-thuat/ban-tin-the-thao-toi-9-3-man-utd-xuc-tien-mua-umtiti-3720782.html
Cảnh báo của Barca dành cho Neymar sớm thành hiện thực,https://thethao.vnexpress.net/tin-tuc/champions-league/canh-bao-cua-barca-danh-cho-neymar-som-thanh-hien-thuc-3720738.html
Cuộc sống xa hoa của những người giàu lên nhờ tiền ảo,https://sohoa.vnexpress.net/photo/doi-song-so/cuoc-song-xa-hoa-cua-nhung-nguoi-giau-len-nho-tien-ao-3720772.html
Xiaomi Mi Mix 2 Special Edition - smartphone vỏ gốm tuyệt đẹp,https://vnexpress.net/tin-tuc/san-pham/xiaomi-mi-mix-2-special-edition-smartphone-vo-gom-tuyet-dep-3718462.html
Hương Giang gây chú ý ở vòng thi bikini Hoa hậu chuyển giới,https://giaitri.vnexpress.net/tin-tuc/gioi-sao/trong-nuoc/huong-giang-gay-chu-y-o-vong-thi-bikini-hoa-hau-chuyen-gioi-3719911.html
"Đàn ông nước Đông Nam Á nào mặc váy, ăn trầu?",https://vnexpress.net/tin-tuc/giao-duc/trac-nghiem/dan-ong-nuoc-dong-nam-a-nao-mac-vay-an-trau-3720791.html
"Học sinh tiểu học non nớt, cần động viên hơn là phạt quỳ gối",https://vnexpress.net/tin-tuc/giao-duc/hoc-sinh-tieu-hoc-non-not-can-dong-vien-hon-la-phat-quy-goi-3720272.html
Dụng cụ hút ma túy trên ôtô đâm 6 cảnh sát Bình Dương,https://video.vnexpress.net/tin-tuc/phap-luat/dung-cu-hut-ma-tuy-tren-oto-dam-6-canh-sat-binh-duong-3720081.html
Ban Bí thư chỉ đạo xử lý vụ Mobifone mua 95% cổ phần AVG,https://vnexpress.net/tin-tuc/thoi-su/ban-bi-thu-chi-dao-xu-ly-vu-mobifone-mua-95-co-phan-avg-3720347.html
"Người dân Huế lật đá, đục hàu sữa trên phá Tam Giang",https://video.vnexpress.net/tin-tuc/xa-hoi/nguoi-dan-hue-lat-da-duc-hau-sua-tren-pha-tam-giang-3719826.html
Chùa cổ hơn 400 năm ở Huế,https://dulich.vnexpress.net/tin-tuc/viet-nam/hue/chua-co-hon-400-nam-o-hue-3719782.html
Những biến đổi của cơ thể người khi mất hết ADN,https://vnexpress.net/infographics/giai-ma/nhung-bien-doi-cua-co-the-nguoi-khi-mat-het-adn-3720746.html
"Sóng lớn, tàu sân bay Mỹ hủy tour tham quan",https://vnexpress.net/tin-tuc/thoi-su/song-lon-tau-san-bay-my-huy-tour-tham-quan-3720156.html
Nuôi ong lấy mật trong rừng cao su ở Tây Nguyên,https://vnexpress.net/photo/thoi-su/nuoi-ong-lay-mat-trong-rung-cao-su-o-tay-nguyen-3715733.html
Hà Nội trưng bày phối cảnh ga tàu điện ngầm cạnh Hồ Gươm,https://vnexpress.net/photo/thoi-su/ha-noi-trung-bay-phoi-canh-ga-tau-dien-ngam-canh-ho-guom-3720675.html
Khu dân cư ở Hà Nội lo lắng vì khỉ hoang quấy phá,https://vnexpress.net/tin-tuc/thoi-su/khu-dan-cu-o-ha-noi-lo-lang-vi-khi-hoang-quay-pha-3719858.html
"Taxi truyền thống chịu điều kiện kinh doanh khác Uber, Grab thế nào",https://vnexpress.net/infographics/doanh-nghiep/taxi-truyen-thong-chiu-dieu-kien-kinh-doanh-khac-uber-grab-the-nao-3660139.html
"Người già, trẻ nhỏ hóa tiên nữ, đại tướng trong lễ rước ở Bắc Giang",https://vnexpress.net/photo/thoi-su/nguoi-gia-tre-nho-hoa-tien-nu-dai-tuong-trong-le-ruoc-o-bac-giang-3720404.html
Xuân Trường: 'V-League sẽ cho thấy cầu thủ U23 không ăn may ở giải châu Á',https://thethao.vnexpress.net/tin-tuc/bong-da-trong-nuoc/xuan-truong-v-league-se-cho-thay-cau-thu-u23-khong-an-may-o-giai-chau-a-3720733.html
Saigon’s first metro line faces further delays due to $44 million debt,https://e.vnexpress.net/news/news/saigon-s-first-metro-line-faces-further-delays-due-to-44-million-debt-3720565.html
"Sao không dùng Shenzhen thay Thâm Quyến, Changzhou thay Thường Châu?",https://vnexpress.net/tin-tuc/cong-dong/y-kien-cua-toi/sao-khong-dung-shenzhen-thay-tham-quyen-changzhou-thay-thuong-chau-3720654.html
Y bác sĩ học võ để phòng thân trước nạn bạo hành ở bệnh viện,https://suckhoe.vnexpress.net/tin-tuc/suc-khoe/y-bac-si-hoc-vo-de-phong-than-truoc-nan-bao-hanh-o-benh-vien-3720401.html
Rùa quý hiếm nhất thế giới nổi ở hồ Đồng Mô,https://vnexpress.net/tin-tuc/khoa-hoc/trong-nuoc/rua-quy-hiem-nhat-the-gioi-noi-o-ho-dong-mo-3720711.html
VinFast tiết lộ thêm hai mẫu ôtô cỡ nhỏ chạy xăng và điện,https://vnexpress.net/tin-tuc/oto-xe-may/vinfast-tiet-lo-them-hai-mau-oto-co-nho-chay-xang-va-dien-3720193.html
"Hàng tấn hoa bị vứt sau ngày 8/3, người dân mót mang về chưng",https://video.vnexpress.net/tin-tuc/xa-hoi/hang-tan-hoa-bi-vut-sau-ngay-83-nguoi-dan-mot-mang-ve-chung-3720687.html
Viện trưởng thanh tra: 'Đánh thuế 45% để ngăn ngừa cán bộ che giấu tài sản',https://vnexpress.net/tin-tuc/thoi-su/vien-truong-thanh-tra-danh-thue-45-de-ngan-ngua-can-bo-che-giau-tai-san-3720572.html
"Nhà tù êm ái, không có hình phạt ở Na Uy",https://vnexpress.net/tin-tuc/the-gioi/cuoc-song-do-day/nha-tu-em-ai-khong-co-hinh-phat-o-na-uy-3720463.html
Tài xế ôtô húc 6 xe máy ở Sài Gòn bị bắt,https://vnexpress.net/tin-tuc/phap-luat/tai-xe-oto-huc-6-xe-may-o-sai-gon-bi-bat-3720680.html
Jo Min Ki tự tử sau khi bị 20 người tố quấy rối tình dục,https://ione.vnexpress.net/tin-tuc/sao/chau-a/jo-min-ki-tu-tu-sau-khi-bi-20-nguoi-to-quay-roi-tinh-duc-3720790.html
Tượng Bà Chúa Xứ cao 20 m xây trái phép trên đỉnh núi Sam,https://vnexpress.net/tin-tuc/thoi-su/tuong-ba-chua-xu-cao-20-m-xay-trai-phep-tren-dinh-nui-sam-3716709.html
Doanh nghiệp Việt lợi gì khi 'TPP không có Mỹ' được ký?,https://kinhdoanh.vnexpress.net/tin-tuc/vi-mo/doanh-nghiep-viet-loi-gi-khi-tpp-khong-co-my-duoc-ky-3720635.html
Chiến thắng của Triều Tiên khi Trump nhận lời gặp Kim Jong-un,https://vnexpress.net/tin-tuc/the-gioi/phan-tich/chien-thang-cua-trieu-tien-khi-trump-nhan-loi-gap-kim-jong-un-3720589.html
"Trúng đậm ruốc, ngư dân Bà Rịa - Vũng Tàu mang ra đường phơi",https://video.vnexpress.net/tin-tuc/xa-hoi/trung-dam-ruoc-ngu-dan-ba-ria-vung-tau-mang-ra-duong-phoi-3720293.html
Hoa nhập khẩu khổng lồ cho ngày 8/3,https://video.vnexpress.net/tin-tuc/loi-song/hoa-nhap-khau-khong-lo-cho-ngay-83-3719910.html
Chị em lãnh đủ vì vui quá đà trong ngày 8/3,https://vnexpress.net/tin-tuc/cuoi/anh/chi-em-la-nh-du-vi-vui-qua-da-trong-nga-y-8-3-3720048.html
"Huỳnh Anh, Minh Trang diễn tròn trịa chuyện tình du học sinh Nga",https://giaitri.vnexpress.net/tin-tuc/phim/diem-phim/huynh-anh-minh-trang-dien-tron-tria-chuyen-tinh-du-hoc-sinh-nga-3720678.html
Khách Việt hoang mang vì giá ôtô biến động thất thường,https://vnexpress.net/tin-tuc/oto-xe-may/thi-truong/khach-viet-hoang-mang-vi-gia-oto-bien-dong-that-thuong-3718088.html
"Xe tải hất văng ôtô 4 chỗ, đâm vào nhà dân",https://video.vnexpress.net/tin-tuc/xa-hoi/xe-tai-hat-vang-oto-4-cho-dam-vao-nha-dan-3720046.html
"Hòa Minzy 'chơi' hơn cả G-Dragon, giẫm gót giày 20 triệu không thương tiếc",https://ione.vnexpress.net/tin-tuc/thoi-trang/phong-cach-sao/hoa-minzy-choi-hon-ca-g-dragon-giam-got-giay-20-trieu-khong-thuong-tiec-3720807.html
GS Lê Văn Lan: 'Ga tàu điện ngầm cạnh Hồ Gươm là vị trí nhạy cảm',https://vnexpress.net/tin-tuc/thoi-su/gs-le-van-lan-ga-tau-dien-ngam-canh-ho-guom-la-vi-tri-nhay-cam-3720766.html
Grab: Quản như công ty taxi là bước lùi của Việt Nam,https://kinhdoanh.vnexpress.net/tin-tuc/doanh-nghiep/grab-quan-nhu-cong-ty-taxi-la-buoc-lui-cua-viet-nam-3720721.html
Sử liệu gần 100 năm tồn tại của dinh Độc Lập được trưng bày,https://vnexpress.net/tin-tuc/thoi-su/su-lieu-gan-100-nam-ton-tai-cua-dinh-doc-lap-duoc-trung-bay-3720690.html
Hồng màu xanh lá lần đầu có trong lễ hội hoa hồng Bulgaria,https://video.vnexpress.net/tin-tuc/loi-song/hong-mau-xanh-la-lan-dau-co-trong-le-hoi-hoa-hong-bulgaria-3719848.html
Hoa hậu Mỹ Linh hội ngộ thủ môn Bùi Tiến Dũng,https://giaitri.vnexpress.net/tin-tuc/gioi-sao/trong-nuoc/hoa-hau-my-linh-hoi-ngo-thu-mon-bui-tien-dung-3720713.html
Thiết kế nhà chọc trời treo lơ lửng bên dưới tiểu hành tinh,https://vnexpress.net/infographics/khoa-hoc/thiet-ke-nha-choc-troi-treo-lo-lung-ben-duoi-tieu-hanh-tinh-3720825.html
Robot sói canh gác những cánh đồng Nhật Bản,https://vnexpress.net/tin-tuc/khoa-hoc/robot-soi-canh-gac-nhung-canh-dong-nhat-ban-3720462.html
Những con 'quái thú' phía sau vỏ máy xấu xí,https://sohoa.vnexpress.net/photo/lang-game/nhung-con-quai-thu-phia-sau-vo-may-xau-xi-3720718.html
Cá mập voi khổng lồ ghé sát camera của nhiếp ảnh gia,https://dulich.vnexpress.net/tin-tuc/quoc-te/ca-map-voi-khong-lo-ghe-sat-camera-cua-nhiep-anh-gia-3720016.html
Mèo tên Chó nổi tiếng mạng XH được huấn luyện như thế nào?,https://vnexpress.net/tin-tuc/cong-dong/anh/meo-ten-cho-noi-tieng-mang-xh-duoc-huan-luyen-nhu-the-nao-3720227.html
CPTPP - Khi châu Á đi tiên phong trong thương mại tự do,https://kinhdoanh.vnexpress.net/tin-tuc/quoc-te/phan-tich/cptpp-khi-chau-a-di-tien-phong-trong-thuong-mai-tu-do-3720216.html
11 nước ký Hiệp định thay thế TPP,https://kinhdoanh.vnexpress.net/tin-tuc/quoc-te/11-nuoc-ky-hiep-dinh-thay-the-tpp-3720432.html
Tôi thấy may mắn vì ở rể khi vừa cưới,https://vnexpress.net/tin-tuc/tam-su/toi-thay-may-man-vi-o-re-khi-vua-cuoi-3720614.html
Bà mẹ ba con ở Hà Nội giữ dáng đẹp xinh như thời con gái,https://suckhoe.vnexpress.net/tin-tuc/khoe-dep/tham-my/ba-me-ba-con-o-ha-noi-giu-dang-dep-xinh-nhu-thoi-con-gai-3720263.html
Việt Hương hóa giang hồ làm náo loạn chợ cá,https://vnexpress.net/tin-tuc/cuoi/video/vie-t-huong-ho-a-giang-ho-la-m-na-o-loa-n-cho-ca-3720142.html
"Pacific trade deal to boost Vietnam's economy, drive reforms: World Bank",https://e.vnexpress.net/news/business/economy/pacific-trade-deal-to-boost-vietnam-s-economy-drive-reforms-world-bank-3720836.html
Tôi có nên chịu cảnh chung vợ hay buông tay,https://vnexpress.net/tin-tuc/tam-su/chuyen-gia-go-roi/toi-co-nen-chiu-canh-chung-vo-hay-buong-tay-3719751.html
Như Quỳnh được em trai chăm chút từng ly từng tý ở hậu trường,https://ngoisao.net/tin-tuc/hau-truong/showbiz-viet/nhu-quynh-duoc-em-trai-cham-chut-tung-ly-tung-ty-o-hau-truong-3720551.html
Quà 8/3 của những anh chồng khiến vợ nhận mà run,https://giadinh.vnexpress.net/tin-tuc/to-am/qua-8-3-cu-a-nhung-anh-cho-ng-khie-n-vo-nhan-ma-run-3719909.html
Nghề làm vợ bé đại gia của các thôn nữ Trung Quốc,https://giadinh.vnexpress.net/tin-tuc/to-am/nghe-lam-vo-be-dai-gia-cua-cac-thon-nu-trung-quoc-3719213.html
Ngôi đền rắn bò lổm ngổm ngay trên đầu du khách,https://dulich.vnexpress.net/tin-tuc/quoc-te/ngoi-den-ran-bo-lom-ngom-ngay-tren-dau-du-khach-3720113.html
SsangYong Musso - bán tải Hàn Quốc thách thức Ford Ranger,https://vnexpress.net/tin-tuc/oto-xe-may/ssangyong-musso-ban-tai-han-quoc-thach-thuc-ford-ranger-3720041.html
Nam diễn viên Hàn Quốc tự tử sau bê bối quấy rối tình dục,https://giaitri.vnexpress.net/tin-tuc/gioi-sao/quoc-te/nam-dien-vien-han-quoc-tu-tu-sau-be-boi-quay-roi-tinh-duc-3720788.html
Quảng Ninh xây đường hầm 8.000 tỷ đồng dưới biển,https://vnexpress.net/tin-tuc/thoi-su/quang-ninh-xay-duong-ham-8-000-ty-dong-duoi-bien-3720423.html
Huawei sao chép 'tai thỏ' vụng về,https://sohoa.vnexpress.net/tin-tuc/san-pham/huawei-sao-chep-tai-tho-vung-ve-3720648.html
"4.000 khán giả Hà Nội rời ghế, nhảy cùng giọng ca Modern Talking",https://giaitri.vnexpress.net/tin-tuc/nhac/lang-nhac/4-000-khan-gia-ha-noi-roi-ghe-nhay-cung-giong-ca-modern-talking-3715623.html
Lovren khiêu khích Man Utd chơi tấn công,https://thethao.vnexpress.net/tin-tuc/giai-ngoai-hang-anh/lovren-khieu-khich-man-utd-choi-tan-cong-3720668.html
Chồng hát với đồng nghiệp nhưng im lặng khi đi với vợ,https://vnexpress.net/tin-tuc/tam-su/chuyen-gia-go-roi/chong-hat-voi-dong-nghiep-nhung-im-lang-khi-di-voi-vo-3719408.html
Kẻ cướp hại đời bé gái ở miền Tây lĩnh án tử,https://vnexpress.net/tin-tuc/phap-luat/ke-cuop-hai-doi-be-gai-o-mien-tay-linh-an-tu-3720785.html
"Hà Nội 12 tháng, hơn cả 12 mùa hoa",https://vnexpress.net/projects/ha-noi-12-thang-hon-ca-12-mua-hoa-3720087/index.html
Tài tử Jo Min Ki tự tử tại nhà riêng sau cáo buộc quấy rối tình dục,https://ngoisao.net/tin-tuc/hau-truong/chau-a/tai-tu-jo-min-ki-tu-tu-tai-nha-rieng-sau-cao-buoc-quay-roi-tinh-duc-3720804.html
Đàn ông và nữ quyền,https://vnexpress.net/tin-tuc/goc-nhin/dan-ong-va-nu-quyen-3720424.html
"Nhận vé số tặng ngày Quốc tế phụ nữ, 15 người trúng gần 5 tỷ đồng",https://vnexpress.net/tin-tuc/thoi-su/nhan-ve-so-tang-ngay-quoc-te-phu-nu-15-nguoi-trung-gan-5-ty-dong-3720883.html
Khách bị đánh ở chợ Đà Lạt không yêu cầu công an giải quyết,https://video.vnexpress.net/tin-tuc/du-lich/khach-bi-danh-o-cho-da-lat-khong-yeu-cau-cong-an-giai-quyet-3720393.html
Bốn ngày thủy thủ tàu sân bay Mỹ ở Đà Nẵng,https://video.vnexpress.net/tin-tuc/xa-hoi/bon-ngay-thuy-thu-tau-san-bay-my-o-da-nang-3720686.html
Sức mạnh hủy diệt cả thành phố của siêu ngư lôi hạt nhân Nga,https://vnexpress.net/tin-tuc/the-gioi/quan-su/suc-manh-huy-diet-ca-thanh-pho-cua-sieu-ngu-loi-hat-nhan-nga-3720645.html
Đức Phúc - từ chàng trai ăn vận xuề xòa tới tín đồ thời trang,https://giaitri.vnexpress.net/photo/sao-dep-sao-xau/duc-phuc-tu-chang-trai-an-van-xue-xoa-toi-tin-do-thoi-trang-3720676.html
Ga tàu điện ngầm cạnh hồ Gươm được thiết kế như thế nào?,https://video.vnexpress.net/tin-tuc/xa-hoi/ga-tau-dien-ngam-canh-ho-guom-duoc-thiet-ke-nhu-the-nao-3720671.html
Hà Nội lấy ý kiến nhân dân về ga tàu điện ngầm cạnh Hồ Gươm,https://vnexpress.net/tin-tuc/thoi-su/ha-noi-lay-y-kien-nhan-dan-ve-ga-tau-dien-ngam-canh-ho-guom-3720177.html
